37	1	bone	unk	unk
37	2	bone	unk	unk
37	3	bone	unk	soft tissue
37	4	bone	soft tissue	soft tissue
37	5	bone	soft tissue	null
37	6	bone	null	null
37	1	fossil	null	null
37	2	fossil	null	null
37	3	fossil	null	null
37	4	fossil	null	null
37	5	fossil	null	null
37	6	fossil	null	watery environment
37	1	mineral	null	null
37	2	mineral	null	null
37	3	mineral	null	null
37	4	mineral	null	null
37	5	mineral	null	watery environment
37	6	mineral	watery environment	watery environment
37	1	plant	watery environment	null
37	2	plant	null	null
37	3	plant	null	null
37	4	plant	null	null
37	5	plant	null	null
37	6	plant	null	null
37	1	animal	watery environment	null
37	2	animal	null	null
37	3	animal	null	null
37	4	animal	null	null
37	5	animal	null	null
37	6	animal	null	null
37	1	soft tissue	unk	unk
37	2	soft tissue	unk	unk
37	3	soft tissue	unk	watery environment
37	4	soft tissue	watery environment	watery environment
37	5	soft tissue	watery environment	watery environment
37	6	soft tissue	watery environment	watery environment
38	1	animal	unk	null
38	2	animal	null	null
38	3	animal	null	null
38	4	animal	null	null
38	5	animal	null	null
38	6	animal	null	null
38	7	animal	null	null
38	1	body	unk	null
38	2	body	null	null
38	3	body	null	null
38	4	body	null	null
38	5	body	null	null
38	6	body	null	null
38	7	body	null	null
38	1	fossil	null	null
38	2	fossil	null	null
38	3	fossil	null	null
38	4	fossil	null	null
38	5	fossil	null	null
38	6	fossil	null	unk
38	7	fossil	unk	unk
38	1	rock	null	null
38	2	rock	null	null
38	3	rock	null	null
38	4	rock	null	null
38	5	rock	null	unk
38	6	rock	unk	unk
38	7	rock	unk	unk
38	1	soil	null	null
38	2	soil	null	null
38	3	soil	null	null
38	4	soil	null	around the body
38	5	soil	around the body	around the body
38	6	soil	around the body	around the body
38	7	soil	around the body	around the body
67	1	coal	null	null
67	2	coal	null	null
67	3	coal	null	null
67	4	coal	null	null
67	5	coal	null	null
67	6	coal	null	null
67	7	coal	null	null
67	8	coal	null	null
67	9	coal	null	swamp
67	1	peat	null	null
67	2	peat	null	null
67	3	peat	null	null
67	4	peat	null	null
67	5	peat	null	swamp
67	6	peat	swamp	swamp
67	7	peat	swamp	swamp
67	8	peat	swamp	swamp
67	9	peat	swamp	null
67	1	plant	unk	unk
67	2	plant	unk	swamp
67	3	plant	swamp	same area
67	4	plant	same area	same area
67	5	plant	same area	null
67	6	plant	null	null
67	7	plant	null	null
67	8	plant	null	null
67	9	plant	null	null
67	1	dead plant	unk	unk
67	2	dead plant	unk	swamp
67	3	dead plant	swamp	same area
67	4	dead plant	same area	same area
67	5	dead plant	same area	null
67	6	dead plant	null	null
67	7	dead plant	null	null
67	8	dead plant	null	null
67	9	dead plant	null	null
68	1	coal	null	null
68	2	coal	null	null
68	3	coal	null	null
68	4	coal	null	null
68	5	coal	null	null
68	6	coal	null	null
68	7	coal	null	burial peat
68	1	heat	null	null
68	2	heat	null	null
68	3	heat	null	null
68	4	heat	null	null
68	5	heat	null	null
68	6	heat	null	null
68	7	heat	null	burial peat
68	1	peat	null	null
68	2	peat	null	null
68	3	peat	null	null
68	4	peat	null	unk
68	5	peat	unk	sand, clay, and other mineral material
68	6	peat	sand, clay, and other mineral material	sand, clay, and other mineral material
68	7	peat	sand, clay, and other mineral material	null
68	1	burial peat	null	null
68	2	burial peat	null	null
68	3	burial peat	null	null
68	4	burial peat	null	unk
68	5	burial peat	unk	sand, clay, and other mineral material
68	6	burial peat	sand, clay, and other mineral material	sand, clay, and other mineral material
68	7	burial peat	sand, clay, and other mineral material	null
68	1	plant and tree remain	unk	unk
68	2	plant and tree remain	unk	bottom of steamy, swampy areas
68	3	plant and tree remain	bottom of steamy, swampy areas	bottom of steamy, swampy areas
68	4	plant and tree remain	bottom of steamy, swampy areas	bottom of steamy, swampy areas
68	5	plant and tree remain	bottom of steamy, swampy areas	bottom of steamy, swampy areas
68	6	plant and tree remain	bottom of steamy, swampy areas	bottom of steamy, swampy areas
68	7	plant and tree remain	bottom of steamy, swampy areas	bottom of steamy, swampy areas
68	1	plant	unk	null
68	2	plant	null	null
68	3	plant	null	null
68	4	plant	null	null
68	5	plant	null	null
68	6	plant	null	null
68	7	plant	null	null
68	1	tree	unk	null
68	2	tree	null	null
68	3	tree	null	null
68	4	tree	null	null
68	5	tree	null	null
68	6	tree	null	null
68	7	tree	null	null
68	1	water	unk	unk
68	2	water	unk	unk
68	3	water	unk	unk
68	4	water	unk	unk
68	5	water	unk	unk
68	6	water	unk	peat
68	7	water	peat	peat
69	1	clay	unk	unk
69	2	clay	unk	unk
69	3	clay	unk	unk
69	4	clay	unk	unk
69	5	clay	unk	null
69	6	clay	null	null
69	7	clay	null	null
69	1	coal	null	null
69	2	coal	null	null
69	3	coal	null	null
69	4	coal	null	null
69	5	coal	null	null
69	6	coal	null	null
69	7	coal	null	swamp
69	1	peat	null	null
69	2	peat	null	null
69	3	peat	null	unk
69	4	peat	unk	unk
69	5	peat	unk	unk
69	6	peat	unk	unk
69	7	peat	unk	unk
69	1	plant	unk	unk
69	2	plant	unk	bottom of swamp
69	3	plant	bottom of swamp	null
69	4	plant	null	null
69	5	plant	null	null
69	6	plant	null	null
69	7	plant	null	null
69	1	tree	unk	unk
69	2	tree	unk	bottom of swamp
69	3	tree	bottom of swamp	null
69	4	tree	null	null
69	5	tree	null	null
69	6	tree	null	null
69	7	tree	null	null
69	1	pressure	null	null
69	2	pressure	null	null
69	3	pressure	null	null
69	4	pressure	null	null
69	5	pressure	null	null
69	6	pressure	null	sedimentary rock
69	7	pressure	sedimentary rock	sedimentary rock
69	1	sand	unk	unk
69	2	sand	unk	unk
69	3	sand	unk	unk
69	4	sand	unk	unk
69	5	sand	unk	null
69	6	sand	null	null
69	7	sand	null	null
69	1	sedimentary rock	null	null
69	2	sedimentary rock	null	null
69	3	sedimentary rock	null	null
69	4	sedimentary rock	null	null
69	5	sedimentary rock	null	peat
69	6	sedimentary rock	peat	peat
69	7	sedimentary rock	peat	peat
69	1	water	unk	unk
69	2	water	unk	unk
69	3	water	unk	unk
69	4	water	unk	unk
69	5	water	unk	unk
69	6	water	unk	sedimentary rock
69	7	water	sedimentary rock	sedimentary rock
70	1	rain	null	unk
70	2	rain	unk	unk
70	3	rain	unk	unk
70	4	rain	unk	unk
70	5	rain	unk	unk
70	6	rain	unk	null
70	7	rain	null	null
70	8	rain	null	null
70	1	stream	null	null
70	2	stream	null	null
70	3	stream	null	null
70	4	stream	null	null
70	5	stream	null	null
70	6	stream	null	null
70	7	stream	null	unk
70	8	stream	unk	unk
70	1	water	unk	unk
70	2	water	unk	unk
70	3	water	unk	ground
70	4	water	ground	street
70	5	water	street	house
70	6	water	house	house
70	7	water	house	stream
70	8	water	stream	null
70	1	water level	unk	unk
70	2	water level	unk	unk
70	3	water level	unk	unk
70	4	water level	unk	unk
70	5	water level	unk	unk
70	6	water level	unk	unk
70	7	water level	unk	unk
70	8	water level	unk	unk
99	1	a very different ecosystem	null	null
99	2	a very different ecosystem	null	null
99	3	a very different ecosystem	null	null
99	4	a very different ecosystem	null	null
99	5	a very different ecosystem	null	null
99	6	a very different ecosystem	null	area
99	7	a very different ecosystem	area	area
99	1	cloud	sky	sky
99	2	cloud	sky	sky
99	3	cloud	sky	sky
99	4	cloud	sky	sky
99	5	cloud	sky	sky
99	6	cloud	sky	sky
99	7	cloud	sky	sky
99	1	desert	null	null
99	2	desert	null	null
99	3	desert	null	null
99	4	desert	null	null
99	5	desert	null	null
99	6	desert	null	null
99	7	desert	null	area
99	1	rain	sky	sky
99	2	rain	sky	sky
99	3	rain	sky	sky
99	4	rain	sky	sky
99	5	rain	sky	sky
99	6	rain	sky	sky
99	7	rain	sky	area
99	1	rain cloud	sky	sky
99	2	rain cloud	sky	sky
99	3	rain cloud	sky	sky
99	4	rain cloud	sky	sky
99	5	rain cloud	sky	sky
99	6	rain cloud	sky	sky
99	7	rain cloud	sky	sky
152	1	solid	null	null
152	2	solid	null	null
152	3	solid	null	null
152	4	solid	null	atmosphere
152	5	solid	atmosphere	atmosphere
152	6	solid	atmosphere	unk
152	1	cloud droplet	null	null
152	2	cloud droplet	null	null
152	3	cloud droplet	null	null
152	4	cloud droplet	null	atmosphere
152	5	cloud droplet	atmosphere	atmosphere
152	6	cloud droplet	atmosphere	unk
152	1	water vapor	atmosphere	atmosphere
152	2	water vapor	atmosphere	atmosphere
152	3	water vapor	atmosphere	atmosphere
152	4	water vapor	atmosphere	null
152	5	water vapor	null	null
152	6	water vapor	null	null
152	1	lift vapor	atmosphere	atmosphere
152	2	lift vapor	atmosphere	atmosphere
152	3	lift vapor	atmosphere	atmosphere
152	4	lift vapor	atmosphere	null
152	5	lift vapor	null	null
152	6	lift vapor	null	null
152	1	vapor	atmosphere	atmosphere
152	2	vapor	atmosphere	atmosphere
152	3	vapor	atmosphere	atmosphere
152	4	vapor	atmosphere	null
152	5	vapor	null	null
152	6	vapor	null	null
249	1	new type of rock	null	null
249	2	new type of rock	null	null
249	3	new type of rock	null	null
249	4	new type of rock	null	null
249	5	new type of rock	null	unk
249	6	new type of rock	unk	unk
249	7	new type of rock	unk	unk
249	8	new type of rock	unk	unk
249	1	new substance	null	null
249	2	new substance	null	null
249	3	new substance	null	null
249	4	new substance	null	null
249	5	new substance	null	unk
249	6	new substance	unk	unk
249	7	new substance	unk	unk
249	8	new substance	unk	unk
249	1	certain type of rock	null	null
249	2	certain type of rock	null	null
249	3	certain type of rock	null	null
249	4	certain type of rock	null	null
249	5	certain type of rock	null	unk
249	6	certain type of rock	unk	unk
249	7	certain type of rock	unk	unk
249	8	certain type of rock	unk	unk
249	1	oxygen	rock	rock
249	2	oxygen	rock	rock
249	3	oxygen	rock	rock
249	4	oxygen	rock	rock
249	5	oxygen	rock	rock
249	6	oxygen	rock	rock
249	7	oxygen	rock	null
249	8	oxygen	null	null
249	1	rock	unk	unk
249	2	rock	unk	unk
249	3	rock	unk	unk
249	4	rock	unk	unk
249	5	rock	unk	null
249	6	rock	null	null
249	7	rock	null	null
249	8	rock	null	null
249	1	smaller piece	unk	unk
249	2	smaller piece	unk	unk
249	3	smaller piece	unk	unk
249	4	smaller piece	unk	unk
249	5	smaller piece	unk	null
249	6	smaller piece	null	null
249	7	smaller piece	null	null
249	8	smaller piece	null	null
310	1	blood	heart	heart
310	2	blood	heart	lung
310	3	blood	lung	lung
310	4	blood	lung	lung
310	5	blood	lung	heart
310	6	blood	heart	body
310	1	carbon dioxide	blood	blood
310	2	carbon dioxide	blood	blood
310	3	carbon dioxide	blood	null
310	4	carbon dioxide	null	null
310	5	carbon dioxide	null	null
310	6	carbon dioxide	null	null
310	1	oxygen	unk	unk
310	2	oxygen	unk	unk
310	3	oxygen	unk	unk
310	4	oxygen	unk	blood
310	5	oxygen	blood	blood
310	6	oxygen	blood	blood
400	1	electricity	null	null
400	2	electricity	null	null
400	3	electricity	null	null
400	4	electricity	null	null
400	5	electricity	null	unk
400	1	energy	null	null
400	2	energy	null	null
400	3	energy	null	null
400	4	energy	null	unk
400	5	energy	unk	null
401	1	alternating current	null	null
401	2	alternating current	null	null
401	3	alternating current	null	null
401	4	alternating current	null	null
401	5	alternating current	null	null
401	6	alternating current	null	house
401	7	alternating current	house	house
401	1	direct current	null	null
401	2	direct current	null	null
401	3	direct current	null	null
401	4	direct current	null	null
401	5	direct current	null	unk
401	6	direct current	unk	null
401	7	direct current	null	null
401	1	sunlight	unk	unk
401	2	sunlight	unk	unk
401	3	sunlight	unk	solar panel
401	4	sunlight	solar panel	solar panel
401	5	sunlight	solar panel	solar panel
401	6	sunlight	solar panel	solar panel
401	7	sunlight	solar panel	solar panel
409	1	electrical impulse	null	null
409	2	electrical impulse	null	null
409	3	electrical impulse	null	null
409	4	electrical impulse	null	null
409	5	electrical impulse	null	retina
409	6	electrical impulse	retina	brain
409	7	electrical impulse	brain	brain
409	1	image	null	null
409	2	image	null	null
409	3	image	null	null
409	4	image	null	retina
409	5	image	retina	null
409	6	image	null	null
409	7	image	null	null
410	1	electric signal	null	null
410	2	electric signal	null	null
410	3	electric signal	null	null
410	4	electric signal	null	retina
410	5	electric signal	retina	brain
410	6	electric signal	brain	brain
410	1	light	unk	cornea
410	2	light	cornea	iris
410	3	light	iris	pupil
410	4	light	pupil	null
410	5	light	null	null
410	6	light	null	null
411	1	electrochemical signal	null	null
411	2	electrochemical signal	null	retina
411	3	electrochemical signal	retina	retina
411	4	electrochemical signal	retina	retina
411	5	electrochemical signal	retina	retina
411	6	electrochemical signal	retina	retina
411	7	electrochemical signal	retina	retina
411	8	electrochemical signal	retina	retina
411	1	light	retina	photoreceptor
411	2	light	photoreceptor	null
411	3	light	null	null
411	4	light	null	null
411	5	light	null	null
411	6	light	null	null
411	7	light	null	null
411	8	light	null	null
429	1	fixed nitrogen	atmosphere	atmosphere
429	2	fixed nitrogen	atmosphere	atmosphere
429	3	fixed nitrogen	atmosphere	atmosphere
429	4	fixed nitrogen	atmosphere	root
429	5	fixed nitrogen	root	null
429	6	fixed nitrogen	null	null
429	7	fixed nitrogen	null	null
429	8	fixed nitrogen	null	null
429	9	fixed nitrogen	null	null
429	10	fixed nitrogen	null	null
429	1	usable nitrogen	atmosphere	atmosphere
429	2	usable nitrogen	atmosphere	atmosphere
429	3	usable nitrogen	atmosphere	atmosphere
429	4	usable nitrogen	atmosphere	root
429	5	usable nitrogen	root	null
429	6	usable nitrogen	null	null
429	7	usable nitrogen	null	null
429	8	usable nitrogen	null	null
429	9	usable nitrogen	null	null
429	10	usable nitrogen	null	null
429	1	gas-based form	null	null
429	2	gas-based form	null	null
429	3	gas-based form	null	null
429	4	gas-based form	null	null
429	5	gas-based form	null	null
429	6	gas-based form	null	null
429	7	gas-based form	null	null
429	8	gas-based form	null	null
429	9	gas-based form	null	atmosphere
429	10	gas-based form	atmosphere	atmosphere
429	1	nitrogen	atmosphere	atmosphere
429	2	nitrogen	atmosphere	atmosphere
429	3	nitrogen	atmosphere	atmosphere
429	4	nitrogen	atmosphere	null
429	5	nitrogen	null	null
429	6	nitrogen	null	null
429	7	nitrogen	null	null
429	8	nitrogen	null	soil
429	9	nitrogen	soil	soil
429	10	nitrogen	soil	atmosphere
429	1	plant	unk	unk
429	2	plant	unk	unk
429	3	plant	unk	unk
429	4	plant	unk	unk
429	5	plant	unk	null
429	6	plant	null	null
429	7	plant	null	null
429	8	plant	null	null
429	9	plant	null	null
429	10	plant	null	null
429	1	waste	null	null
429	2	waste	null	null
429	3	waste	null	null
429	4	waste	null	null
429	5	waste	null	null
429	6	waste	null	animal
429	7	waste	animal	animal
429	8	waste	animal	null
429	9	waste	null	null
429	10	waste	null	null
460	1	carbon	unk	unk
460	2	carbon	unk	unk
460	3	carbon	unk	unk
460	4	carbon	unk	unk
460	5	carbon	unk	unk
460	6	carbon	unk	unk
460	7	carbon	unk	null
460	8	carbon	null	null
460	9	carbon	null	null
460	10	carbon	null	null
460	1	carbon-based mixture	null	null
460	2	carbon-based mixture	null	null
460	3	carbon-based mixture	null	null
460	4	carbon-based mixture	null	null
460	5	carbon-based mixture	null	underground
460	6	carbon-based mixture	underground	underground
460	7	carbon-based mixture	underground	underground
460	8	carbon-based mixture	underground	underground
460	9	carbon-based mixture	underground	null
460	10	carbon-based mixture	null	null
460	1	energy	null	null
460	2	energy	null	null
460	3	energy	null	null
460	4	energy	null	null
460	5	energy	null	null
460	6	energy	null	null
460	7	energy	null	null
460	8	energy	null	null
460	9	energy	null	fossil
460	10	energy	fossil	null
460	1	fossil fuel	unk	unk
460	2	fossil fuel	unk	unk
460	3	fossil fuel	unk	unk
460	4	fossil fuel	unk	unk
460	5	fossil fuel	unk	unk
460	6	fossil fuel	unk	unk
460	7	fossil fuel	unk	unk
460	8	fossil fuel	unk	null
460	9	fossil fuel	null	null
460	10	fossil fuel	null	null
460	1	living things	unk	unk
460	2	living things	unk	null
460	3	living things	null	null
460	4	living things	null	null
460	5	living things	null	null
460	6	living things	null	null
460	7	living things	null	null
460	8	living things	null	null
460	9	living things	null	null
460	10	living things	null	null
460	1	remains of living things	unk	unk
460	2	remains of living things	unk	null
460	3	remains of living things	null	null
460	4	remains of living things	null	null
460	5	remains of living things	null	null
460	6	remains of living things	null	null
460	7	remains of living things	null	null
460	8	remains of living things	null	null
460	9	remains of living things	null	null
460	10	remains of living things	null	null
460	1	power	null	null
460	2	power	null	null
460	3	power	null	null
460	4	power	null	null
460	5	power	null	null
460	6	power	null	null
460	7	power	null	null
460	8	power	null	null
460	9	power	null	null
460	10	power	null	surface
463	1	hailstone	thunderstorm	thunderstorm
463	2	hailstone	thunderstorm	thunderstorm
463	3	hailstone	thunderstorm	thunderstorm
463	4	hailstone	thunderstorm	thunderstorm
463	5	hailstone	thunderstorm	earth
463	1	ice particle	thunderstorm	thunderstorm
463	2	ice particle	thunderstorm	thunderstorm
463	3	ice particle	thunderstorm	thunderstorm
463	4	ice particle	thunderstorm	thunderstorm
463	5	ice particle	thunderstorm	thunderstorm
463	1	raindrop	thunderstorm	thunderstorm
463	2	raindrop	thunderstorm	null
463	3	raindrop	null	null
463	4	raindrop	null	null
463	5	raindrop	null	null
465	1	hail	null	null
465	2	hail	null	unk
465	3	hail	unk	unk
465	4	hail	unk	unk
465	5	hail	unk	unk
465	6	hail	unk	unk
465	7	hail	unk	ground
465	1	water	unk	wind that be move upward
465	2	water	wind that be move upward	wind that be move upward
465	3	water	wind that be move upward	null
465	4	water	null	null
465	5	water	null	null
465	6	water	null	null
465	7	water	null	null
502	1	car	unk	unk
502	2	car	unk	unk
502	3	car	unk	unk
502	4	car	unk	unk
502	5	car	unk	unk
502	1	diesel	unk	null
502	2	diesel	null	null
502	3	diesel	null	null
502	4	diesel	null	null
502	5	diesel	null	null
502	1	energy	null	combustion
502	2	energy	combustion	combustion
502	3	energy	combustion	null
502	4	energy	null	null
502	5	energy	null	null
502	1	petrol	unk	null
502	2	petrol	null	null
502	3	petrol	null	null
502	4	petrol	null	null
502	5	petrol	null	null
502	1	piston motion	unk	unk
502	2	piston motion	unk	unk
502	3	piston motion	unk	null
502	4	piston motion	null	null
502	5	piston motion	null	null
502	1	piston	unk	unk
502	2	piston	unk	unk
502	3	piston	unk	unk
502	4	piston	unk	unk
502	5	piston	unk	unk
502	1	rotary motion	null	null
502	2	rotary motion	null	null
502	3	rotary motion	null	crankshaft and axle
502	4	rotary motion	crankshaft and axle	crankshaft and axle
502	5	rotary motion	crankshaft and axle	crankshaft and axle
503	1	battery	unk	unk
503	2	battery	unk	unk
503	3	battery	unk	unk
503	4	battery	unk	unk
503	5	battery	unk	unk
503	6	battery	unk	unk
503	7	battery	unk	unk
503	8	battery	unk	unk
503	9	battery	unk	unk
503	1	car	unk	unk
503	2	car	unk	unk
503	3	car	unk	unk
503	4	car	unk	unk
503	5	car	unk	unk
503	6	car	unk	unk
503	7	car	unk	unk
503	8	car	unk	unk
503	9	car	unk	unk
503	1	crankshaft	unk	unk
503	2	crankshaft	unk	unk
503	3	crankshaft	unk	unk
503	4	crankshaft	unk	unk
503	5	crankshaft	unk	unk
503	6	crankshaft	unk	unk
503	7	crankshaft	unk	unk
503	8	crankshaft	unk	unk
503	9	crankshaft	unk	unk
503	1	gasoline	unk	car
503	2	gasoline	car	car
503	3	gasoline	car	car
503	4	gasoline	car	car
503	5	gasoline	car	car
503	6	gasoline	car	car
503	7	gasoline	car	car
503	8	gasoline	car	car
503	9	gasoline	car	car
503	1	gas	unk	car
503	2	gas	car	car
503	3	gas	car	car
503	4	gas	car	car
503	5	gas	car	car
503	6	gas	car	car
503	7	gas	car	car
503	8	gas	car	car
503	9	gas	car	car
503	1	piston	unk	unk
503	2	piston	unk	unk
503	3	piston	unk	unk
503	4	piston	unk	unk
503	5	piston	unk	unk
503	6	piston	unk	unk
503	7	piston	unk	unk
503	8	piston	unk	unk
503	9	piston	unk	unk
503	1	spark	null	null
503	2	spark	null	null
503	3	spark	null	car
503	4	spark	car	car
503	5	spark	car	null
503	6	spark	null	null
503	7	spark	null	null
503	8	spark	null	null
503	9	spark	null	null
503	1	wheel	unk	unk
503	2	wheel	unk	unk
503	3	wheel	unk	unk
503	4	wheel	unk	unk
503	5	wheel	unk	unk
503	6	wheel	unk	unk
503	7	wheel	unk	unk
503	8	wheel	unk	unk
503	9	wheel	unk	unk
533	1	sapling	null	null
533	2	sapling	null	null
533	3	sapling	null	null
533	4	sapling	null	tree
533	5	sapling	tree	tree
533	6	sapling	tree	tree
533	7	sapling	tree	tree
533	1	seed	adult tree	soil
533	2	seed	soil	soil
533	3	seed	soil	soil
533	4	seed	soil	null
533	5	seed	null	null
533	6	seed	null	null
533	7	seed	null	null
533	1	seedling	null	null
533	2	seedling	null	null
533	3	seedling	null	soil
533	4	seedling	soil	soil
533	5	seedling	soil	soil
533	6	seedling	soil	null
533	7	seedling	null	null
533	1	sprout	null	null
533	2	sprout	null	soil
533	3	sprout	soil	soil
533	4	sprout	soil	soil
533	5	sprout	soil	soil
533	6	sprout	soil	soil
533	7	sprout	soil	soil
533	1	tree	null	null
533	2	tree	null	null
533	3	tree	null	unk
533	4	tree	unk	unk
533	5	tree	unk	unk
533	6	tree	unk	unk
533	7	tree	unk	null
534	1	flower	null	null
534	2	flower	null	null
534	3	flower	null	null
534	4	flower	null	null
534	5	flower	null	tree
534	6	flower	tree	tree
534	7	flower	tree	tree
534	1	fruit	null	null
534	2	fruit	null	null
534	3	fruit	null	null
534	4	fruit	null	tree
534	5	fruit	tree	tree
534	6	fruit	tree	tree
534	7	fruit	tree	tree
534	1	seed	unk	unk
534	2	seed	unk	null
534	3	seed	null	null
534	4	seed	null	null
534	5	seed	null	null
534	6	seed	null	null
534	7	seed	null	null
534	1	small tree	null	null
534	2	small tree	null	unk
534	3	small tree	unk	unk
534	4	small tree	unk	unk
534	5	small tree	unk	unk
534	6	small tree	unk	unk
534	7	small tree	unk	null
534	1	tree	null	null
534	2	tree	null	unk
534	3	tree	unk	unk
534	4	tree	unk	unk
534	5	tree	unk	unk
534	6	tree	unk	unk
534	7	tree	unk	null
582	1	air mass	unk	unk
582	2	air mass	unk	unk
582	3	air mass	unk	unk
582	4	air mass	unk	unk
582	5	air mass	unk	unk
582	6	air mass	unk	unk
582	7	air mass	unk	unk
582	8	air mass	unk	unk
582	1	mass	unk	unk
582	2	mass	unk	unk
582	3	mass	unk	unk
582	4	mass	unk	unk
582	5	mass	unk	unk
582	6	mass	unk	unk
582	7	mass	unk	unk
582	8	mass	unk	unk
582	1	circular pattern	null	null
582	2	circular pattern	null	null
582	3	circular pattern	null	null
582	4	circular pattern	null	null
582	5	circular pattern	null	null
582	6	circular pattern	null	null
582	7	circular pattern	null	updraft
582	8	circular pattern	updraft	updraft
582	1	cool , dry air	unk	unk
582	2	cool , dry air	unk	south
582	3	cool , dry air	south	south
582	4	cool , dry air	south	south
582	5	cool , dry air	south	south
582	6	cool , dry air	south	south
582	7	cool , dry air	south	south
582	8	cool , dry air	south	south
582	1	tornado	unk	unk
582	2	tornado	unk	unk
582	3	tornado	unk	unk
582	4	tornado	unk	unk
582	5	tornado	unk	unk
582	6	tornado	unk	unk
582	7	tornado	unk	unk
582	8	tornado	unk	null
582	1	updraft	null	null
582	2	updraft	null	null
582	3	updraft	null	null
582	4	updraft	null	null
582	5	updraft	null	null
582	6	updraft	null	unk
582	7	updraft	unk	unk
582	8	updraft	unk	unk
582	1	warm , moist air	south	north
582	2	warm , moist air	north	north
582	3	warm , moist air	north	north
582	4	warm , moist air	north	north
582	5	warm , moist air	north	north
582	6	warm , moist air	north	north
582	7	warm , moist air	north	north
582	8	warm , moist air	north	north
582	1	wind	null	null
582	2	wind	null	null
582	3	wind	null	null
582	4	wind	null	unk
582	5	wind	unk	unk
582	6	wind	unk	unk
582	7	wind	unk	unk
582	8	wind	unk	unk
583	1	dry , cold high-pressure air	unk	unk
583	2	dry , cold high-pressure air	unk	unk
583	3	dry , cold high-pressure air	unk	unk
583	4	dry , cold high-pressure air	unk	unk
583	5	dry , cold high-pressure air	unk	unk
583	6	dry , cold high-pressure air	unk	unk
583	1	funnel	null	null
583	2	funnel	null	null
583	3	funnel	null	null
583	4	funnel	null	null
583	5	funnel	null	unk
583	6	funnel	unk	unk
583	1	tornado	null	null
583	2	tornado	null	null
583	3	tornado	null	null
583	4	tornado	null	null
583	5	tornado	null	unk
583	6	tornado	unk	unk
583	1	rotation	null	null
583	2	rotation	null	null
583	3	rotation	null	null
583	4	rotation	null	unk
583	5	rotation	unk	unk
583	6	rotation	unk	unk
583	1	updraft	null	null
583	2	updraft	null	unk
583	3	updraft	unk	unk
583	4	updraft	unk	unk
583	5	updraft	unk	unk
583	6	updraft	unk	unk
583	1	warm, humd low-presure air	unk	unk
583	2	warm, humd low-presure air	unk	unk
583	3	warm, humd low-presure air	unk	unk
583	4	warm, humd low-presure air	unk	unk
583	5	warm, humd low-presure air	unk	unk
583	6	warm, humd low-presure air	unk	unk
600	1	air	car engine	car engine
600	2	air	car engine	null
600	3	air	null	null
600	4	air	null	null
600	5	air	null	null
600	6	air	null	null
600	1	energy	null	unk
600	2	energy	unk	unk
600	3	energy	unk	unk
600	4	energy	unk	null
600	5	energy	null	null
600	6	energy	null	null
600	1	hot gas	null	null
600	2	hot gas	null	car engine
600	3	hot gas	car engine	piston
600	4	hot gas	piston	piston
600	5	hot gas	piston	piston
600	6	hot gas	piston	piston
600	1	petrol	car engine	car engine
600	2	petrol	car engine	null
600	3	petrol	null	null
600	4	petrol	null	null
600	5	petrol	null	null
600	6	petrol	null	null
600	1	fuel	car engine	car engine
600	2	fuel	car engine	null
600	3	fuel	null	null
600	4	fuel	null	null
600	5	fuel	null	null
600	6	fuel	null	null
653	1	flower	null	null
653	2	flower	null	null
653	3	flower	null	null
653	4	flower	null	tree
653	5	flower	tree	null
653	6	flower	null	null
653	1	fruit	null	null
653	2	fruit	null	null
653	3	fruit	null	null
653	4	fruit	null	null
653	5	fruit	null	tree
653	6	fruit	tree	tree
653	1	seed	unk	unk
653	2	seed	unk	null
653	3	seed	null	null
653	4	seed	null	null
653	5	seed	null	null
653	6	seed	null	null
653	1	seedling	null	null
653	2	seedling	null	unk
653	3	seedling	unk	unk
653	4	seedling	unk	unk
653	5	seedling	unk	unk
653	6	seedling	unk	unk
653	1	tree	null	null
653	2	tree	null	null
653	3	tree	null	unk
653	4	tree	unk	unk
653	5	tree	unk	unk
653	6	tree	unk	unk
654	1	material for new growth	null	null
654	2	material for new growth	null	null
654	3	material for new growth	null	null
654	4	material for new growth	null	null
654	5	material for new growth	null	null
654	6	material for new growth	null	ground
654	1	root system	null	null
654	2	root system	null	ground
654	3	root system	ground	ground
654	4	root system	ground	ground
654	5	root system	ground	ground
654	6	root system	ground	ground
654	1	seedling	ground	ground
654	2	seedling	ground	ground
654	3	seedling	ground	ground
654	4	seedling	ground	ground
654	5	seedling	ground	null
654	6	seedling	null	null
654	1	tree	null	null
654	2	tree	null	null
654	3	tree	null	unk
654	4	tree	unk	unk
654	5	tree	unk	unk
654	6	tree	unk	null
659	1	ammonium	null	unk
659	2	ammonium	unk	null
659	3	ammonium	null	null
659	4	ammonium	null	unk
659	5	ammonium	unk	unk
659	6	ammonium	unk	unk
659	1	extra nitrogen	soil	soil
659	2	extra nitrogen	soil	soil
659	3	extra nitrogen	soil	soil
659	4	extra nitrogen	soil	soil
659	5	extra nitrogen	soil	air
659	6	extra nitrogen	air	air
659	1	nitrogen	unk	null
659	2	nitrogen	null	bacteria
659	3	nitrogen	bacteria	plant
659	4	nitrogen	plant	null
659	5	nitrogen	null	null
659	6	nitrogen	null	null
659	1	nitrate	unk	null
659	2	nitrate	null	bacteria
659	3	nitrate	bacteria	plant
659	4	nitrate	plant	null
659	5	nitrate	null	null
659	6	nitrate	null	null
659	1	plant	soil	soil
659	2	plant	soil	soil
659	3	plant	soil	soil
659	4	plant	soil	null
659	5	plant	null	null
659	6	plant	null	null
660	1	ammonium	null	null
660	2	ammonium	null	null
660	3	ammonium	null	null
660	4	ammonium	null	null
660	5	ammonium	null	null
660	6	ammonium	null	unk
660	7	ammonium	unk	null
660	8	ammonium	null	null
660	9	ammonium	null	null
660	1	animal	unk	unk
660	2	animal	unk	unk
660	3	animal	unk	unk
660	4	animal	unk	null
660	5	animal	null	null
660	6	animal	null	null
660	7	animal	null	null
660	8	animal	null	null
660	9	animal	null	null
660	1	atmospheric nitrogen	soil	null
660	2	atmospheric nitrogen	null	null
660	3	atmospheric nitrogen	null	null
660	4	atmospheric nitrogen	null	null
660	5	atmospheric nitrogen	null	null
660	6	atmospheric nitrogen	null	null
660	7	atmospheric nitrogen	null	null
660	8	atmospheric nitrogen	null	null
660	9	atmospheric nitrogen	null	null
660	1	nitrate	null	null
660	2	nitrate	null	null
660	3	nitrate	null	null
660	4	nitrate	null	null
660	5	nitrate	null	null
660	6	nitrate	null	null
660	7	nitrate	null	unk
660	8	nitrate	unk	null
660	9	nitrate	null	null
660	1	nitrogen gas	null	null
660	2	nitrogen gas	null	null
660	3	nitrogen gas	null	null
660	4	nitrogen gas	null	null
660	5	nitrogen gas	null	null
660	6	nitrogen gas	null	null
660	7	nitrogen gas	null	null
660	8	nitrogen gas	null	soil
660	9	nitrogen gas	soil	atmosphere
660	1	organic nitrogen	null	soil
660	2	organic nitrogen	soil	root
660	3	organic nitrogen	root	root
660	4	organic nitrogen	root	root
660	5	organic nitrogen	root	root
660	6	organic nitrogen	root	null
660	7	organic nitrogen	null	null
660	8	organic nitrogen	null	null
660	9	organic nitrogen	null	null
660	1	plant	unk	unk
660	2	plant	unk	unk
660	3	plant	unk	unk
660	4	plant	unk	null
660	5	plant	null	null
660	6	plant	null	null
660	7	plant	null	null
660	8	plant	null	null
660	9	plant	null	null
660	1	waste	null	null
660	2	waste	null	null
660	3	waste	null	null
660	4	waste	null	null
660	5	waste	null	unk
660	6	waste	unk	unk
660	7	waste	unk	unk
660	8	waste	unk	unk
660	9	waste	unk	unk
661	1	ammonium	null	null
661	2	ammonium	null	unk
661	3	ammonium	unk	null
661	4	ammonium	null	null
661	5	ammonium	null	null
661	6	ammonium	null	null
661	7	ammonium	null	null
661	8	ammonium	null	null
661	9	ammonium	null	unk
661	1	animal	soil	soil
661	2	animal	soil	soil
661	3	animal	soil	soil
661	4	animal	soil	soil
661	5	animal	soil	soil
661	6	animal	soil	soil
661	7	animal	soil	soil
661	8	animal	soil	soil
661	9	animal	soil	null
661	1	nitrate	null	null
661	2	nitrate	null	null
661	3	nitrate	null	unk
661	4	nitrate	unk	unk
661	5	nitrate	unk	unk
661	6	nitrate	unk	null
661	7	nitrate	null	null
661	8	nitrate	null	null
661	9	nitrate	null	null
661	1	nitrogen	unk	unk
661	2	nitrogen	unk	null
661	3	nitrogen	null	null
661	4	nitrogen	null	null
661	5	nitrogen	null	null
661	6	nitrogen	null	null
661	7	nitrogen	null	null
661	8	nitrogen	null	null
661	9	nitrogen	null	null
661	1	plant	unk	unk
661	2	plant	unk	unk
661	3	plant	unk	unk
661	4	plant	unk	unk
661	5	plant	unk	unk
661	6	plant	unk	unk
661	7	plant	unk	unk
661	8	plant	unk	unk
661	9	plant	unk	null
695	1	cloud	null	null
695	2	cloud	null	null
695	3	cloud	null	air
695	4	cloud	air	air
695	5	cloud	air	air
695	6	cloud	air	air
695	7	cloud	air	air
695	1	hail	null	null
695	2	hail	null	null
695	3	hail	null	null
695	4	hail	null	null
695	5	hail	null	earth
695	6	hail	earth	null
695	7	hail	null	null
695	1	rain	null	null
695	2	rain	null	null
695	3	rain	null	null
695	4	rain	null	null
695	5	rain	null	earth
695	6	rain	earth	null
695	7	rain	null	null
695	1	sleet	null	null
695	2	sleet	null	null
695	3	sleet	null	null
695	4	sleet	null	null
695	5	sleet	null	earth
695	6	sleet	earth	null
695	7	sleet	null	null
695	1	snow	null	null
695	2	snow	null	null
695	3	snow	null	null
695	4	snow	null	null
695	5	snow	null	earth
695	6	snow	earth	null
695	7	snow	null	null
695	1	vapor	null	river or lake
695	2	vapor	river or lake	air
695	3	vapor	air	null
695	4	vapor	null	null
695	5	vapor	null	null
695	6	vapor	null	null
695	7	vapor	null	null
695	1	steam	null	river or lake
695	2	steam	river or lake	air
695	3	steam	air	null
695	4	steam	null	null
695	5	steam	null	null
695	6	steam	null	null
695	7	steam	null	null
695	1	water vapor	null	river or lake
695	2	water vapor	river or lake	air
695	3	water vapor	air	null
695	4	water vapor	null	null
695	5	water vapor	null	null
695	6	water vapor	null	null
695	7	water vapor	null	null
695	1	water	unk	null
695	2	water	null	null
695	3	water	null	null
695	4	water	null	null
695	5	water	null	null
695	6	water	null	null
695	7	water	null	null
696	1	cloud	unk	unk
696	2	cloud	unk	unk
696	3	cloud	unk	unk
696	4	cloud	unk	unk
696	5	cloud	unk	unk
696	6	cloud	unk	unk
696	1	rain	null	null
696	2	rain	null	null
696	3	rain	null	null
696	4	rain	null	null
696	5	rain	null	null
696	6	rain	null	cloud
696	1	water droplet	null	null
696	2	water droplet	null	cloud
696	3	water droplet	cloud	cloud
696	4	water droplet	cloud	cloud
696	5	water droplet	cloud	cloud
696	6	water droplet	cloud	cloud
696	1	water vapor	air	air
696	2	water vapor	air	null
696	3	water vapor	null	null
696	4	water vapor	null	null
696	5	water vapor	null	null
696	6	water vapor	null	null
697	1	cloud	null	null
697	2	cloud	null	cloud
697	3	cloud	cloud	cloud
697	4	cloud	cloud	cloud
697	5	cloud	cloud	cloud
697	1	rain	null	null
697	2	rain	null	null
697	3	rain	null	null
697	4	rain	null	null
697	5	rain	null	cloud
697	1	water	unk	unk
697	2	water	unk	null
697	3	water	null	null
697	4	water	null	null
697	5	water	null	null
725	1	bone	unk	unk
725	2	bone	unk	soft tissue
725	3	bone	soft tissue	soft tissue
725	4	bone	soft tissue	null
725	5	bone	null	null
725	6	bone	null	null
725	1	mineral	null	null
725	2	mineral	null	unk
725	3	mineral	unk	unk
725	4	mineral	unk	unk
725	5	mineral	unk	unk
725	6	mineral	unk	unk
725	1	plant	watery environment	null
725	2	plant	null	null
725	3	plant	null	null
725	4	plant	null	null
725	5	plant	null	null
725	6	plant	null	null
725	1	animal	watery environment	null
725	2	animal	null	null
725	3	animal	null	null
725	4	animal	null	null
725	5	animal	null	null
725	6	animal	null	null
725	1	rock	null	null
725	2	rock	null	null
725	3	rock	null	rock
725	4	rock	rock	rock
725	5	rock	rock	rock
725	6	rock	rock	rock
725	1	sediment	null	null
725	2	sediment	null	null
725	3	sediment	null	rock
725	4	sediment	rock	null
725	5	sediment	null	null
725	6	sediment	null	null
725	1	soft tissue	unk	unk
725	2	soft tissue	unk	mud and silt
725	3	soft tissue	mud and silt	mud and silt
725	4	soft tissue	mud and silt	null
725	5	soft tissue	null	null
725	6	soft tissue	null	null
725	1	stone replica	null	watery environment
725	2	stone replica	watery environment	watery environment
725	3	stone replica	watery environment	watery environment
725	4	stone replica	watery environment	watery environment
725	5	stone replica	watery environment	watery environment
725	6	stone replica	watery environment	watery environment
725	1	fossil	null	watery environment
725	2	fossil	watery environment	watery environment
725	3	fossil	watery environment	watery environment
725	4	fossil	watery environment	watery environment
725	5	fossil	watery environment	watery environment
725	6	fossil	watery environment	watery environment
726	1	animal	unk	unk
726	2	animal	unk	unk
726	3	animal	unk	null
726	4	animal	null	null
726	5	animal	null	null
726	6	animal	null	null
726	7	animal	null	null
726	8	animal	null	null
726	9	animal	null	null
726	10	animal	null	null
726	1	animal 's skeleton	unk	unk
726	2	animal 's skeleton	unk	unk
726	3	animal 's skeleton	unk	unk
726	4	animal 's skeleton	unk	null
726	5	animal 's skeleton	null	null
726	6	animal 's skeleton	null	null
726	7	animal 's skeleton	null	null
726	8	animal 's skeleton	null	null
726	9	animal 's skeleton	null	null
726	10	animal 's skeleton	null	null
726	1	hole	null	null
726	2	hole	null	null
726	3	hole	null	null
726	4	hole	null	null
726	5	hole	null	null
726	6	hole	null	null
726	7	hole	null	null
726	8	hole	null	null
726	9	hole	null	null
726	10	hole	null	rock
726	1	mud	unk	unk
726	2	mud	unk	unk
726	3	mud	unk	unk
726	4	mud	unk	unk
726	5	mud	unk	unk
726	6	mud	unk	skeleton
726	7	mud	skeleton	skeleton
726	8	mud	skeleton	null
726	9	mud	null	null
726	10	mud	null	null
726	1	sand	unk	unk
726	2	sand	unk	unk
726	3	sand	unk	unk
726	4	sand	unk	unk
726	5	sand	unk	unk
726	6	sand	unk	skeleton
726	7	sand	skeleton	skeleton
726	8	sand	skeleton	null
726	9	sand	null	null
726	10	sand	null	null
726	1	rock	null	null
726	2	rock	null	null
726	3	rock	null	null
726	4	rock	null	null
726	5	rock	null	null
726	6	rock	null	null
726	7	rock	null	null
726	8	rock	null	ocean
726	9	rock	ocean	ocean
726	10	rock	ocean	ocean
727	1	animal	unk	null
727	2	animal	null	null
727	3	animal	null	null
727	4	animal	null	null
727	5	animal	null	null
727	6	animal	null	null
727	7	animal	null	null
727	8	animal	null	null
727	9	animal	null	null
727	10	animal	null	null
727	1	bone	null	null
727	2	bone	null	null
727	3	bone	null	null
727	4	bone	null	watery environment
727	5	bone	watery environment	watery environment
727	6	bone	watery environment	watery environment
727	7	bone	watery environment	null
727	8	bone	null	null
727	9	bone	null	null
727	10	bone	null	null
727	1	fossil	null	null
727	2	fossil	null	null
727	3	fossil	null	null
727	4	fossil	null	null
727	5	fossil	null	null
727	6	fossil	null	null
727	7	fossil	null	null
727	8	fossil	null	null
727	9	fossil	null	null
727	10	fossil	null	fossil
727	1	mineral	null	null
727	2	mineral	null	null
727	3	mineral	null	null
727	4	mineral	null	unk
727	5	mineral	unk	unk
727	6	mineral	unk	unk
727	7	mineral	unk	unk
727	8	mineral	unk	unk
727	9	mineral	unk	unk
727	10	mineral	unk	unk
727	1	mud	unk	unk
727	2	mud	unk	unk
727	3	mud	unk	unk
727	4	mud	unk	unk
727	5	mud	unk	unk
727	6	mud	unk	null
727	7	mud	null	null
727	8	mud	null	null
727	9	mud	null	null
727	10	mud	null	null
727	1	silt	unk	unk
727	2	silt	unk	unk
727	3	silt	unk	unk
727	4	silt	unk	unk
727	5	silt	unk	unk
727	6	silt	unk	null
727	7	silt	null	null
727	8	silt	null	null
727	9	silt	null	null
727	10	silt	null	null
727	1	rock	null	null
727	2	rock	null	null
727	3	rock	null	null
727	4	rock	null	null
727	5	rock	null	null
727	6	rock	null	bone
727	7	rock	bone	bone
727	8	rock	bone	bone
727	9	rock	bone	bone
727	10	rock	bone	bone
727	1	soft tissue	unk	unk
727	2	soft tissue	unk	unk
727	3	soft tissue	unk	null
727	4	soft tissue	null	null
727	5	soft tissue	null	null
727	6	soft tissue	null	null
727	7	soft tissue	null	null
727	8	soft tissue	null	null
727	9	soft tissue	null	null
727	10	soft tissue	null	null
791	1	ac electricity	null	null
791	2	ac electricity	null	null
791	3	ac electricity	null	null
791	4	ac electricity	null	inverter
791	5	ac electricity	inverter	inverter
791	6	ac electricity	inverter	inverter
791	1	dc electricity	null	null
791	2	dc electricity	null	null
791	3	dc electricity	null	solar cell
791	4	dc electricity	solar cell	solar cell
791	5	dc electricity	solar cell	solar cell
791	6	dc electricity	solar cell	solar cell
896	1	oxygen-depleted blood	heart	heart
896	2	oxygen-depleted blood	heart	heart
896	3	oxygen-depleted blood	heart	right ventricle
896	4	oxygen-depleted blood	right ventricle	right ventricle
896	5	oxygen-depleted blood	right ventricle	right ventricle
896	6	oxygen-depleted blood	right ventricle	lung
896	7	oxygen-depleted blood	lung	lung
896	8	oxygen-depleted blood	lung	atrium
896	9	oxygen-depleted blood	atrium	body
896	1	blood	heart	heart
896	2	blood	heart	heart
896	3	blood	heart	right ventricle
896	4	blood	right ventricle	right ventricle
896	5	blood	right ventricle	right ventricle
896	6	blood	right ventricle	lung
896	7	blood	lung	lung
896	8	blood	lung	atrium
896	9	blood	atrium	body
896	1	oxygenate blood	heart	heart
896	2	oxygenate blood	heart	heart
896	3	oxygenate blood	heart	right ventricle
896	4	oxygenate blood	right ventricle	right ventricle
896	5	oxygenate blood	right ventricle	right ventricle
896	6	oxygenate blood	right ventricle	lung
896	7	oxygenate blood	lung	lung
896	8	oxygenate blood	lung	atrium
896	9	oxygenate blood	atrium	body
896	1	blood	heart	heart
896	2	blood	heart	heart
896	3	blood	heart	right ventricle
896	4	blood	right ventricle	right ventricle
896	5	blood	right ventricle	right ventricle
896	6	blood	right ventricle	lung
896	7	blood	lung	lung
896	8	blood	lung	atrium
896	9	blood	atrium	body
903	1	chemical energy	null	null
903	2	chemical energy	null	null
903	3	chemical energy	null	null
903	4	chemical energy	null	retina
903	5	chemical energy	retina	retina
903	1	image	null	null
903	2	image	null	null
903	3	image	null	null
903	4	image	null	null
903	5	image	null	brain
903	1	visible light	unk	retina
903	2	visible light	retina	retina
903	3	visible light	retina	photoreceptor
903	4	visible light	photoreceptor	photoreceptor
903	5	visible light	photoreceptor	photoreceptor
903	1	light	unk	retina
903	2	light	retina	retina
903	3	light	retina	photoreceptor
903	4	light	photoreceptor	photoreceptor
903	5	light	photoreceptor	photoreceptor
904	1	electrical pulse	null	null
904	2	electrical pulse	null	null
904	3	electrical pulse	null	retina
904	4	electrical pulse	retina	optic canal
904	5	electrical pulse	optic canal	optic canal
904	1	light	unk	cornea and lens
904	2	light	cornea and lens	null
904	3	light	null	null
904	4	light	null	null
904	5	light	null	null
904	1	retina's rods and cones	unk	unk
904	2	retina's rods and cones	unk	unk
904	3	retina's rods and cones	unk	unk
904	4	retina's rods and cones	unk	null
904	5	retina's rods and cones	null	null
904	1	small image	null	cornea and lens
904	2	small image	cornea and lens	cornea and lens
904	3	small image	cornea and lens	cornea and lens
904	4	small image	cornea and lens	cornea and lens
904	5	small image	cornea and lens	cornea and lens
927	1	land	unk	unk
927	2	land	unk	unk
927	3	land	unk	unk
927	4	land	unk	unk
927	5	land	unk	null
927	6	land	null	null
927	1	plant	unk	unk
927	2	plant	unk	unk
927	3	plant	unk	unk
927	4	plant	unk	unk
927	5	plant	unk	null
927	6	plant	null	null
927	1	rain	unk	null
927	2	rain	null	null
927	3	rain	null	null
927	4	rain	null	null
927	5	rain	null	null
927	6	rain	null	null
927	1	rain water	unk	unk
927	2	rain water	unk	unk
927	3	rain water	unk	unk
927	4	rain water	unk	soil
927	5	rain water	soil	soil
927	6	rain water	soil	soil
927	1	water	unk	unk
927	2	water	unk	unk
927	3	water	unk	unk
927	4	water	unk	soil
927	5	water	soil	soil
927	6	water	soil	soil
927	1	tree	unk	unk
927	2	tree	unk	unk
927	3	tree	unk	unk
927	4	tree	unk	unk
927	5	tree	unk	null
927	6	tree	null	null
932	1	chemical	unk	unk
932	2	chemical	unk	unk
932	3	chemical	unk	null
932	4	chemical	null	null
932	5	chemical	null	null
932	6	chemical	null	null
932	1	oxygen	air	air
932	2	oxygen	air	air
932	3	oxygen	air	air
932	4	oxygen	air	air
932	5	oxygen	air	air
932	6	oxygen	air	air
932	1	rock	unk	unk
932	2	rock	unk	unk
932	3	rock	unk	unk
932	4	rock	unk	null
932	5	rock	null	null
932	6	rock	null	null
932	1	water	unk	unk
932	2	water	unk	unk
932	3	water	unk	unk
932	4	water	unk	unk
932	5	water	unk	unk
932	6	water	unk	unk
933	1	carbon dioxide	unk	water
933	2	carbon dioxide	water	water
933	3	carbon dioxide	water	water
933	4	carbon dioxide	water	water
933	5	carbon dioxide	water	water
933	1	mineral base material	null	null
933	2	mineral base material	null	null
933	3	mineral base material	null	unk
933	4	mineral base material	unk	null
933	5	mineral base material	null	null
933	1	rock	null	null
933	2	rock	null	null
933	3	rock	null	unk
933	4	rock	unk	unk
933	5	rock	unk	unk
933	1	water	unk	unk
933	2	water	unk	unk
933	3	water	unk	unk
933	4	water	unk	unk
933	5	water	unk	unk
1031	1	bone	unk	unk
1031	2	bone	unk	unk
1031	3	bone	unk	unk
1031	4	bone	unk	unk
1031	5	bone	unk	unk
1031	1	fossil	null	null
1031	2	fossil	null	null
1031	3	fossil	null	null
1031	4	fossil	null	null
1031	5	fossil	null	fossil
1031	1	plant or animal	unk	null
1031	2	plant or animal	null	null
1031	3	plant or animal	null	null
1031	4	plant or animal	null	null
1031	5	plant or animal	null	null
1031	1	rock	null	null
1031	2	rock	null	null
1031	3	rock	null	null
1031	4	rock	null	unk
1031	5	rock	unk	null
1031	1	sediment	unk	unk
1031	2	sediment	unk	unk
1031	3	sediment	unk	unk
1031	4	sediment	unk	null
1031	5	sediment	null	null
1032	1	animal	wet environment	wet environment
1032	2	animal	wet environment	null
1032	3	animal	null	null
1032	4	animal	null	null
1032	5	animal	null	null
1032	6	animal	null	null
1032	1	bone and hard tissue	unk	unk
1032	2	bone and hard tissue	unk	unk
1032	3	bone and hard tissue	unk	unk
1032	4	bone and hard tissue	unk	unk
1032	5	bone and hard tissue	unk	null
1032	6	bone and hard tissue	null	null
1032	1	remains	unk	unk
1032	2	remains	unk	unk
1032	3	remains	unk	unk
1032	4	remains	unk	unk
1032	5	remains	unk	null
1032	6	remains	null	null
1032	1	plant	wet environment	null
1032	2	plant	null	null
1032	3	plant	null	null
1032	4	plant	null	null
1032	5	plant	null	null
1032	6	plant	null	null
1032	1	rock	null	null
1032	2	rock	null	null
1032	3	rock	null	null
1032	4	rock	null	null
1032	5	rock	null	null
1032	6	rock	null	mud
1032	1	sediment	null	null
1032	2	sediment	null	null
1032	3	sediment	null	null
1032	4	sediment	null	null
1032	5	sediment	null	remain
1032	6	sediment	remain	null
1033	1	animal	unk	null
1033	2	animal	null	null
1033	3	animal	null	null
1033	4	animal	null	null
1033	5	animal	null	null
1033	6	animal	null	null
1033	1	mold	null	null
1033	2	mold	null	null
1033	3	mold	null	null
1033	4	mold	null	null
1033	5	mold	null	null
1033	6	mold	null	mud
1033	1	rock	null	null
1033	2	rock	null	null
1033	3	rock	null	null
1033	4	rock	null	skeleton
1033	5	rock	skeleton	skeleton
1033	6	rock	skeleton	skeleton
1033	1	skeleton	unk	unk
1033	2	skeleton	unk	unk
1033	3	skeleton	unk	unk
1033	4	skeleton	unk	unk
1033	5	skeleton	unk	null
1033	6	skeleton	null	null
1145	1	helium atom	null	null
1145	2	helium atom	null	null
1145	3	helium atom	null	unk
1145	4	helium atom	unk	unk
1145	5	helium atom	unk	unk
1145	1	hydrogen atom	unk	unk
1145	2	hydrogen atom	unk	unk
1145	3	hydrogen atom	unk	null
1145	4	hydrogen atom	null	null
1145	5	hydrogen atom	null	null
1145	1	hydrogen fuel	unk	unk
1145	2	hydrogen fuel	unk	null
1145	3	hydrogen fuel	null	null
1145	4	hydrogen fuel	null	null
1145	5	hydrogen fuel	null	null
1145	1	red giant star	null	unk
1145	2	red giant star	unk	unk
1145	3	red giant star	unk	unk
1145	4	red giant star	unk	unk
1145	5	red giant star	unk	unk
1146	1	carbon atom	null	null
1146	2	carbon atom	null	null
1146	3	carbon atom	null	null
1146	4	carbon atom	null	null
1146	5	carbon atom	null	null
1146	6	carbon atom	null	null
1146	7	carbon atom	null	space
1146	8	carbon atom	space	space
1146	9	carbon atom	space	space
1146	10	carbon atom	space	space
1146	1	energy	space	space
1146	2	energy	space	space
1146	3	energy	space	space
1146	4	energy	space	space
1146	5	energy	space	space
1146	6	energy	space	space
1146	7	energy	space	space
1146	8	energy	space	space
1146	9	energy	space	space
1146	10	energy	space	space
1146	1	helium	null	null
1146	2	helium	null	null
1146	3	helium	null	space
1146	4	helium	space	space
1146	5	helium	space	space
1146	6	helium	space	space
1146	7	helium	space	null
1146	8	helium	null	null
1146	9	helium	null	null
1146	10	helium	null	null
1146	1	hydrogen	space	space
1146	2	hydrogen	space	space
1146	3	hydrogen	space	null
1146	4	hydrogen	null	null
1146	5	hydrogen	null	null
1146	6	hydrogen	null	null
1146	7	hydrogen	null	null
1146	8	hydrogen	null	null
1146	9	hydrogen	null	null
1146	10	hydrogen	null	null
1146	1	hydrogen fuel	space	space
1146	2	hydrogen fuel	space	null
1146	3	hydrogen fuel	null	null
1146	4	hydrogen fuel	null	null
1146	5	hydrogen fuel	null	null
1146	6	hydrogen fuel	null	null
1146	7	hydrogen fuel	null	null
1146	8	hydrogen fuel	null	null
1146	9	hydrogen fuel	null	null
1146	10	hydrogen fuel	null	null
1146	1	red giant star	null	null
1146	2	red giant star	null	null
1146	3	red giant star	null	space
1146	4	red giant star	space	space
1146	5	red giant star	space	space
1146	6	red giant star	space	space
1146	7	red giant star	space	space
1146	8	red giant star	space	space
1146	9	red giant star	space	space
1146	10	red giant star	space	space
1146	1	star	space	space
1146	2	star	space	space
1146	3	star	space	space
1146	4	star	space	space
1146	5	star	space	space
1146	6	star	space	space
1146	7	star	space	space
1146	8	star	space	space
1146	9	star	space	space
1146	10	star	space	space
1147	1	carbon atom	null	null
1147	2	carbon atom	null	null
1147	3	carbon atom	null	null
1147	4	carbon atom	null	star
1147	5	carbon atom	star	star
1147	6	carbon atom	star	star
1147	1	helium	null	null
1147	2	helium	null	star
1147	3	helium	star	star
1147	4	helium	star	null
1147	5	helium	null	null
1147	6	helium	null	null
1147	1	helium atom	null	star
1147	2	helium atom	star	star
1147	3	helium atom	star	star
1147	4	helium atom	star	null
1147	5	helium atom	null	null
1147	6	helium atom	null	null
1147	1	hydrogen	star	star
1147	2	hydrogen	star	null
1147	3	hydrogen	null	null
1147	4	hydrogen	null	null
1147	5	hydrogen	null	null
1147	6	hydrogen	null	null
1147	1	hydrogen atom	star	null
1147	2	hydrogen atom	null	null
1147	3	hydrogen atom	null	null
1147	4	hydrogen atom	null	null
1147	5	hydrogen atom	null	null
1147	6	hydrogen atom	null	null
1147	1	red giant star	null	null
1147	2	red giant star	null	null
1147	3	red giant star	null	null
1147	4	red giant star	null	star
1147	5	red giant star	star	star
1147	6	red giant star	star	star
1147	1	star	unk	unk
1147	2	star	unk	unk
1147	3	star	unk	unk
1147	4	star	unk	unk
1147	5	star	unk	unk
1147	6	star	unk	unk
1188	1	comet	outer space	outer space
1188	2	comet	outer space	outer space
1188	3	comet	outer space	atmosphere
1188	4	comet	atmosphere	planet
1188	5	comet	planet	planet
1188	1	hole	null	null
1188	2	hole	null	null
1188	3	hole	null	null
1188	4	hole	null	null
1188	5	hole	null	planet
1188	1	crater	null	null
1188	2	crater	null	null
1188	3	crater	null	null
1188	4	crater	null	null
1188	5	crater	null	planet
1189	1	chunk of rock	unk	unk
1189	2	chunk of rock	unk	unk
1189	3	chunk of rock	unk	null
1189	4	chunk of rock	null	null
1189	5	chunk of rock	null	null
1189	6	chunk of rock	null	null
1189	1	crater	unk	unk
1189	2	crater	unk	unk
1189	3	crater	unk	unk
1189	4	crater	unk	unk
1189	5	crater	unk	unk
1189	6	crater	unk	unk
1190	1	deoxygenate blood	null	null
1190	2	deoxygenate blood	null	null
1190	3	deoxygenate blood	null	null
1190	4	deoxygenate blood	null	null
1190	5	deoxygenate blood	null	null
1190	6	deoxygenate blood	null	null
1190	7	deoxygenate blood	null	heart
1190	8	deoxygenate blood	heart	heart
1190	9	deoxygenate blood	heart	heart
1190	10	deoxygenate blood	heart	heart
1190	1	oxygen	unk	unk
1190	2	oxygen	unk	unk
1190	3	oxygen	unk	unk
1190	4	oxygen	unk	unk
1190	5	oxygen	unk	unk
1190	6	oxygen	unk	lung
1190	7	oxygen	lung	lung
1190	8	oxygen	lung	lung
1190	9	oxygen	lung	lung
1190	10	oxygen	lung	lung
1190	1	oxygenate blood	heart	heart
1190	2	oxygenate blood	heart	heart
1190	3	oxygenate blood	heart	heart
1190	4	oxygenate blood	heart	heart
1190	5	oxygenate blood	heart	heart
1190	6	oxygenate blood	heart	heart
1190	7	oxygenate blood	heart	heart
1190	8	oxygenate blood	heart	heart
1190	9	oxygenate blood	heart	heart
1190	10	oxygenate blood	heart	heart
1240	1	air	evaporator	evaporator
1240	2	air	evaporator	evaporator
1240	3	air	evaporator	evaporator
1240	4	air	evaporator	evaporator
1240	5	air	evaporator	evaporator
1240	6	air	evaporator	evaporator
1240	7	air	evaporator	evaporator
1240	8	air	evaporator	evaporator
1240	1	heat	null	null
1240	2	heat	null	refrigerant
1240	3	heat	refrigerant	refrigerant
1240	4	heat	refrigerant	refrigerant
1240	5	heat	refrigerant	refrigerant
1240	6	heat	refrigerant	refrigerant
1240	7	heat	refrigerant	refrigerant
1240	8	heat	refrigerant	refrigerant
1240	1	liquid	null	null
1240	2	liquid	null	null
1240	3	liquid	null	null
1240	4	liquid	null	null
1240	5	liquid	null	null
1240	6	liquid	null	condenser
1240	7	liquid	condenser	condenser
1240	8	liquid	condenser	evaporator
1240	1	refrigerent gas	null	null
1240	2	refrigerent gas	null	unk
1240	3	refrigerent gas	unk	unk
1240	4	refrigerent gas	unk	unk
1240	5	refrigerent gas	unk	unk
1240	6	refrigerent gas	unk	unk
1240	7	refrigerent gas	unk	unk
1240	8	refrigerent gas	unk	unk
1240	1	refrigerent liquid	null	null
1240	2	refrigerent liquid	null	unk
1240	3	refrigerent liquid	unk	unk
1240	4	refrigerent liquid	unk	unk
1240	5	refrigerent liquid	unk	unk
1240	6	refrigerent liquid	unk	unk
1240	7	refrigerent liquid	unk	unk
1240	8	refrigerent liquid	unk	unk
